"id","user_id","student_id","session_id","term_id","wc_order_id","booking_date","order_status","order_type","paid","completed","assesment_comment","assesment_id","order_reviewed","assesment_complete","rank"
80480,13991,8836,3502,1036,78484,"2025-08-18 08:43:50","completed","sco_booking",1,NULL,NULL,1,0,0,1
80589,11597,7545,3502,1036,78546,"2025-08-18 10:13:16","completed","sco_booking",1,NULL,NULL,1,0,0,1
80731,5457,6219,3320,1036,78634,"2025-08-18 12:46:07","completed","sco_booking",1,NULL,NULL,1,0,0,1
80804,13989,8833,3050,1036,78690,"2025-08-18 17:33:56","completed","sco_booking",1,NULL,NULL,1,0,0,1
80908,6960,7917,3082,1036,78746,"2025-08-19 10:22:45","completed","sco_booking",1,NULL,NULL,1,0,0,1
80909,6960,8608,3050,1036,78747,"2025-08-19 10:26:01","completed","sco_booking",1,NULL,NULL,1,0,0,1
81050,11717,7681,3288,1036,78842,"2025-08-21 00:13:42","completed","sco_booking",1,NULL,NULL,1,0,0,1
81071,12802,8162,3082,1036,78856,"2025-08-21 11:54:01","completed","sco_booking",1,NULL,NULL,1,0,0,1
81116,7043,7236,3320,1036,78887,"2025-08-22 10:01:33","completed","sco_booking",1,NULL,NULL,1,0,0,1
81117,7043,7590,3502,1036,78888,"2025-08-22 10:04:00","completed","sco_booking",1,NULL,NULL,1,0,0,1
81482,11918,7809,3217,1036,79093,"2025-08-25 16:55:40","completed","sco_booking",1,NULL,NULL,1,0,0,1
81522,10691,7232,3320,1036,79117,"2025-08-26 15:01:12","completed","sco_booking",1,NULL,NULL,1,0,0,1
81523,10691,7233,3320,1036,79118,"2025-08-26 15:04:59","completed","sco_booking",1,NULL,NULL,1,0,0,1
81605,8919,6422,3288,1036,79163,"2025-08-27 21:06:10","completed","sco_booking",1,NULL,NULL,1,0,0,1
81606,8919,6423,3288,1036,79164,"2025-08-27 21:07:44","completed","sco_booking",1,NULL,NULL,1,0,0,1
81632,11348,8838,3050,1036,79177,"2025-08-28 10:11:21","completed","sco_booking",1,NULL,NULL,1,0,0,1
81647,10538,7646,3320,1036,79190,"2025-08-28 12:33:52","completed","sco_booking",1,NULL,NULL,1,0,0,1
81648,10538,7880,3115,1036,79191,"2025-08-28 12:35:32","completed","sco_booking",1,NULL,NULL,1,0,0,1
81650,12925,9181,3050,1036,79192,"2025-08-28 13:20:32","completed","sco_booking",1,NULL,NULL,1,0,0,1
81651,14048,8859,3502,1036,79193,"2025-08-28 13:22:02","completed","sco_booking",1,NULL,NULL,1,0,0,1
81652,12925,8287,3503,1036,79194,"2025-08-28 13:24:03","completed","sco_booking",1,NULL,NULL,1,0,0,1
81710,8975,6799,3320,1036,79223,"2025-08-29 09:21:15","completed","sco_booking",1,NULL,NULL,1,0,0,1
81711,8975,8174,3502,1036,79224,"2025-08-29 09:22:53","completed","sco_booking",1,NULL,NULL,1,0,0,1
81801,13221,8555,3503,1036,79278,"2025-08-30 08:29:43","completed","sco_booking",1,NULL,NULL,1,0,0,1
81836,9563,6790,3320,1036,79301,"2025-08-31 13:25:57","completed","sco_booking",1,NULL,NULL,1,0,0,1
81837,9563,6791,3320,1036,79302,"2025-08-31 13:27:38","completed","sco_booking",1,NULL,NULL,1,0,0,1
81839,9474,7022,3082,1036,79304,"2025-08-31 14:23:33","completed","sco_booking",1,NULL,NULL,1,0,0,1
81841,9474,7023,3082,1036,79306,"2025-08-31 14:28:07","completed","sco_booking",1,NULL,NULL,1,0,0,1
81860,13221,9246,3050,1036,79314,"2025-08-31 17:16:32","completed","sco_booking",1,NULL,NULL,1,0,0,1
81904,9790,6812,3288,1036,79342,"2025-09-01 10:43:26","completed","sco_booking",1,NULL,NULL,1,0,0,1
81907,9790,7729,3082,1036,79344,"2025-09-01 10:47:57","completed","sco_booking",1,NULL,NULL,1,0,0,1
81922,9188,6522,3511,1037,79353,"2025-09-01 11:08:32","completed","sco_booking",1,NULL,NULL,1,0,0,1
81923,9188,6523,3508,1037,79354,"2025-09-01 11:09:05","completed","sco_booking",1,NULL,NULL,1,0,0,1
81928,13953,9247,3506,1037,79356,"2025-09-01 11:20:29","completed","sco_booking",1,NULL,NULL,1,0,0,1
81929,13953,8826,3507,1037,79357,"2025-09-01 11:21:52","completed","sco_booking",1,NULL,NULL,1,0,0,1
81939,9185,6519,3511,1037,79362,"2025-09-01 12:08:16","completed","sco_booking",1,NULL,NULL,1,0,0,1
81967,12878,8208,3507,1037,79383,"2025-09-01 14:49:00","completed","sco_booking",1,NULL,NULL,1,0,0,1
82027,12879,8210,3506,1037,79424,"2025-09-02 09:06:33","completed","sco_booking",1,NULL,NULL,1,0,0,1
82032,9811,7743,3082,1036,79426,"2025-09-02 09:24:41","completed","sco_booking",1,NULL,NULL,1,0,0,1
82033,9811,6813,3288,1036,79427,"2025-09-02 09:26:51","completed","sco_booking",1,NULL,NULL,1,0,0,1
82065,12902,8225,3115,1036,79454,"2025-09-02 16:58:04","completed","sco_booking",1,NULL,NULL,1,0,0,1
82102,9199,7525,3508,1037,79477,"2025-09-02 23:20:47","completed","sco_booking",1,NULL,NULL,1,0,0,1
82110,9183,8181,3507,1037,79483,"2025-09-03 09:51:19","completed","sco_booking",1,NULL,NULL,1,0,0,1
82111,9183,6515,3511,1037,79484,"2025-09-03 09:52:20","completed","sco_booking",1,NULL,NULL,1,0,0,1
82112,9175,7523,3507,1037,79485,"2025-09-03 09:53:59","completed","sco_booking",1,NULL,NULL,1,0,0,1
82113,9175,6504,3507,1037,79486,"2025-09-03 09:55:47","completed","sco_booking",1,NULL,NULL,1,0,0,1
82114,11718,7682,3288,1036,79488,"2025-09-03 10:04:38","completed","sco_booking",1,NULL,NULL,1,0,0,1
82115,9179,6984,3511,1037,79487,"2025-09-03 10:04:54","completed","sco_booking",1,NULL,NULL,1,0,0,1
82116,9179,7527,3508,1037,79489,"2025-09-03 10:05:49","completed","sco_booking",1,NULL,NULL,1,0,0,1
82117,9179,7528,3508,1037,79490,"2025-09-03 10:06:32","completed","sco_booking",1,NULL,NULL,1,0,0,1
82118,11718,8758,3050,1036,79491,"2025-09-03 10:08:25","completed","sco_booking",1,NULL,NULL,1,0,0,1
82119,7757,6542,3511,1037,79492,"2025-09-03 10:12:07","completed","sco_booking",1,NULL,NULL,1,0,0,1
82121,9184,6517,3511,1037,79494,"2025-09-03 11:55:18","completed","sco_booking",1,NULL,NULL,1,0,0,1
82123,9184,7522,3507,1037,79496,"2025-09-03 11:59:01","completed","sco_booking",1,NULL,NULL,1,0,0,1
82128,5165,6797,3288,1036,79500,"2025-09-03 12:45:39","completed","sco_booking",1,NULL,NULL,1,0,0,1
82160,9174,6503,3511,1037,79528,"2025-09-03 22:33:55","completed","sco_booking",1,NULL,NULL,1,0,0,1
82162,9174,7532,3507,1037,79530,"2025-09-03 22:47:28","completed","sco_booking",1,NULL,NULL,1,0,0,1
82163,9174,8798,3506,1037,79531,"2025-09-03 22:49:06","completed","sco_booking",1,NULL,NULL,1,0,0,1
82264,12932,8290,3507,1037,79589,"2025-09-05 14:09:28","completed","sco_booking",1,NULL,NULL,1,0,0,1
82265,12932,9262,3506,1037,79590,"2025-09-05 14:14:59","completed","sco_booking",1,NULL,NULL,1,0,0,1
82306,9187,6520,3511,1037,79613,"2025-09-06 09:47:40","completed","sco_booking",1,NULL,NULL,1,0,0,1
82312,14063,8863,3018,1036,79620,"2025-09-06 12:00:04","completed","sco_booking",1,NULL,NULL,1,0,0,1
82313,14063,8862,3502,1036,79621,"2025-09-06 12:00:47","completed","sco_booking",1,NULL,NULL,1,0,0,1
82319,12971,8424,3503,1036,79623,"2025-09-06 13:38:10","completed","sco_booking",1,NULL,NULL,1,0,0,1
82320,12971,8425,3503,1036,79624,"2025-09-06 13:41:20","completed","sco_booking",1,NULL,NULL,1,0,0,1
82336,10254,7736,3185,1036,79635,"2025-09-06 15:00:16","completed","sco_booking",1,NULL,NULL,1,0,0,1
82426,9190,8212,3506,1037,79705,"2025-09-07 23:06:27","completed","sco_booking",1,NULL,NULL,1,0,0,1
82427,9190,6528,3508,1037,79706,"2025-09-07 23:07:24","completed","sco_booking",1,NULL,NULL,1,0,0,1
82428,9190,9270,3506,1037,79707,"2025-09-07 23:08:22","completed","sco_booking",1,NULL,NULL,1,0,0,1
82444,14879,9272,3506,1037,79718,"2025-09-08 09:09:37","completed","sco_booking",1,NULL,NULL,1,0,0,1
82449,13960,8802,3511,1037,79727,"2025-09-08 14:49:13","completed","sco_booking",1,NULL,NULL,1,0,0,1
82453,15013,9271,3506,1037,79735,"2025-09-08 17:04:01","completed","sco_booking",1,NULL,NULL,1,0,0,1
82461,14992,9252,3506,1037,79756,"2025-09-09 11:50:44","completed","sco_booking",1,NULL,NULL,1,0,0,1
82487,12878,9300,3506,1037,79786,"2025-09-10 07:40:15","completed","sco_booking",1,NULL,NULL,1,0,0,1
82493,9176,8747,3506,1037,79789,"2025-09-10 13:10:49","completed","sco_booking",1,NULL,NULL,1,0,0,1
82494,9176,7521,3508,1037,79790,"2025-09-10 13:14:06","completed","sco_booking",1,NULL,NULL,1,0,0,1
82496,14460,9069,3506,1037,79792,"2025-09-10 15:17:52","completed","sco_booking",1,NULL,NULL,1,0,0,1
82513,13952,8785,3511,1037,79816,"2025-09-12 13:02:00","completed","sco_booking",1,NULL,NULL,1,0,0,1
