-- MySQL dump 10.13  Distrib 9.3.0, for macos14.7 (x86_64)
--
-- Host: 127.0.0.1    Database: swimtcsp
-- ------------------------------------------------------
-- Server version	9.3.0

/*!40101 SET @OLD_CHARACTER_SET_CLIENT=@@CHARACTER_SET_CLIENT */;
/*!40101 SET @OLD_CHARACTER_SET_RESULTS=@@CHARACTER_SET_RESULTS */;
/*!40101 SET @OLD_COLLATION_CONNECTION=@@COLLATION_CONNECTION */;
/*!50503 SET NAMES utf8mb4 */;
/*!40103 SET @OLD_TIME_ZONE=@@TIME_ZONE */;
/*!40103 SET TIME_ZONE='+00:00' */;
/*!40014 SET @OLD_UNIQUE_CHECKS=@@UNIQUE_CHECKS, UNIQUE_CHECKS=0 */;
/*!40014 SET @OLD_FOREIGN_KEY_CHECKS=@@FOREIGN_KEY_CHECKS, FOREIGN_KEY_CHECKS=0 */;
/*!40101 SET @OLD_SQL_MODE=@@SQL_MODE, SQL_MODE='NO_AUTO_VALUE_ON_ZERO' */;
/*!40111 SET @OLD_SQL_NOTES=@@SQL_NOTES, SQL_NOTES=0 */;

--
-- Table structure for table `lessons_program`
--

DROP TABLE IF EXISTS `lessons_program`;
/*!40101 SET @saved_cs_client     = @@character_set_client */;
/*!50503 SET character_set_client = utf8mb4 */;
CREATE TABLE `lessons_program` (
  `id` bigint NOT NULL AUTO_INCREMENT,
  `name` varchar(100) COLLATE utf8mb4_unicode_ci DEFAULT NULL,
  PRIMARY KEY (`id`)
) ENGINE=InnoDB AUTO_INCREMENT=5 DEFAULT CHARSET=utf8mb4 COLLATE=utf8mb4_unicode_ci;
/*!40101 SET character_set_client = @saved_cs_client */;

--
-- Dumping data for table `lessons_program`
--

LOCK TABLES `lessons_program` WRITE;
/*!40000 ALTER TABLE `lessons_program` DISABLE KEYS */;
INSERT INTO `lessons_program` VALUES (1,'Beginners'),(2,'Improvers'),(3,'Advanced'),(4,'Lengths');
/*!40000 ALTER TABLE `lessons_program` ENABLE KEYS */;
UNLOCK TABLES;

--
-- Table structure for table `lessons_category`
--

DROP TABLE IF EXISTS `lessons_category`;
/*!40101 SET @saved_cs_client     = @@character_set_client */;
/*!50503 SET character_set_client = utf8mb4 */;
CREATE TABLE `lessons_category` (
  `id` bigint NOT NULL AUTO_INCREMENT,
  `name` varchar(200) COLLATE utf8mb4_unicode_ci NOT NULL,
  `slug` varchar(200) COLLATE utf8mb4_unicode_ci NOT NULL,
  `program_id` bigint NOT NULL,
  PRIMARY KEY (`id`),
  UNIQUE KEY `slug` (`slug`),
  KEY `lessons_category_program_id_bc9039cc_fk_lessons_program_id` (`program_id`),
  KEY `lessons_cat_name_f91e23_idx` (`name`),
  CONSTRAINT `lessons_category_program_id_bc9039cc_fk_lessons_program_id` FOREIGN KEY (`program_id`) REFERENCES `lessons_program` (`id`)
) ENGINE=InnoDB AUTO_INCREMENT=20 DEFAULT CHARSET=utf8mb4 COLLATE=utf8mb4_unicode_ci;
/*!40101 SET character_set_client = @saved_cs_client */;

--
-- Dumping data for table `lessons_category`
--

LOCK TABLES `lessons_category` WRITE;
/*!40000 ALTER TABLE `lessons_category` DISABLE KEYS */;
INSERT INTO `lessons_category` VALUES (2,'Lengths - L3','lengths-l3',3),(3,'Advanced','advanced',4),(4,'Lengths - L2','lengths-l2',3),(5,'Lengths - L1','lengths-l1',3),(6,'Improvers - 1','improvers-1',2),(7,'Improvers - 2','improvers-2',2),(8,'Improvers - C','improvers-c',2),(9,'Beginners - 1','beginners-1',1),(10,'Beginners - C','beginners-c',1),(11,'Beginners - 2','beginners-2',1),(12,'Adult Begin & Improvers','adult-begin-improvers',4),(13,'Beginners 1 - BG','beginners-1-bg',1),(14,'Improvers 1 - BG','improvers-1-bg',2),(15,'Improvers 2 - BG','improvers-2-bg',2),(16,'Advanced - BG','advanced-bg',4),(17,'Test Classes','test-classes',1),(18,'Beginners 2 - BG','beginners-2-bg',1),(19,'Beginners 8+','beginners-8',1);
/*!40000 ALTER TABLE `lessons_category` ENABLE KEYS */;
UNLOCK TABLES;

--
-- Table structure for table `lessons_product`
--

DROP TABLE IF EXISTS `lessons_product`;
/*!40101 SET @saved_cs_client     = @@character_set_client */;
/*!50503 SET character_set_client = utf8mb4 */;
CREATE TABLE `lessons_product` (
  `id` bigint NOT NULL AUTO_INCREMENT,
  `name` varchar(100) COLLATE utf8mb4_unicode_ci DEFAULT NULL,
  `description` longtext COLLATE utf8mb4_unicode_ci NOT NULL,
  `slug` varchar(200) COLLATE utf8mb4_unicode_ci NOT NULL,
  `start_time` time(6) DEFAULT NULL,
  `end_time` time(6) DEFAULT NULL,
  `day_of_week` smallint unsigned NOT NULL,
  `num_places` int DEFAULT NULL,
  `num_weeks` int DEFAULT NULL,
  `price` decimal(10,2) DEFAULT NULL,
  `active` tinyint(1) NOT NULL,
  `created` datetime(6) NOT NULL,
  `updated` datetime(6) NOT NULL,
  `image` varchar(100) COLLATE utf8mb4_unicode_ci NOT NULL,
  `category_id` bigint NOT NULL,
  PRIMARY KEY (`id`),
  KEY `lessons_product_category_id_d1e868fe_fk_lessons_category_id` (`category_id`),
  KEY `lessons_product_slug_8cbd085e` (`slug`),
  CONSTRAINT `lessons_product_category_id_d1e868fe_fk_lessons_category_id` FOREIGN KEY (`category_id`) REFERENCES `lessons_category` (`id`),
  CONSTRAINT `lessons_product_chk_1` CHECK ((`day_of_week` >= 0))
) ENGINE=InnoDB AUTO_INCREMENT=3532 DEFAULT CHARSET=utf8mb4 COLLATE=utf8mb4_unicode_ci;
/*!40101 SET character_set_client = @saved_cs_client */;

--
-- Dumping data for table `lessons_product`
--

LOCK TABLES `lessons_product` WRITE;
/*!40000 ALTER TABLE `lessons_product` DISABLE KEYS */;
INSERT INTO `lessons_product` VALUES (40,'Improvers - 1 - Sunday - 14:15 to 14:45','','improvers-1-sunday-1415-to-1445','14:15:00.000000','14:45:00.000000',6,10,11,112.75,1,'2025-06-07 18:33:13.067496','2025-06-07 18:33:13.067552','images/default_image.jpg',6),(80,'Improvers - 1 - Sunday - 14:50 to 15:20','','improvers-1-sunday-1450-to-1520','14:50:00.000000','15:20:00.000000',6,10,11,112.75,1,'2025-06-07 18:33:13.076353','2025-06-07 18:33:13.076398','images/default_image.jpg',6),(120,'Improvers - 1 - Sunday - 15:25 to 15:55','','improvers-1-sunday-1525-to-1555','15:25:00.000000','15:55:00.000000',6,10,11,112.75,1,'2025-06-07 18:33:13.084284','2025-06-07 18:33:13.084316','images/default_image.jpg',6),(160,'Improvers - 2 - Tuesday - 19:05 to 19:35','','improvers-2-tuesday-1905-to-1935','19:05:00.000000','19:35:00.000000',1,9,11,112.75,1,'2025-06-07 18:33:13.116106','2025-06-07 18:33:13.116137','images/default_image.jpg',7),(200,'Improvers - 2 - Wednesday - 15:55 to 16:25','','improvers-2-wednesday-1555-to-1625','15:55:00.000000','16:25:00.000000',2,10,13,133.25,1,'2025-06-07 18:33:13.122919','2025-06-07 18:33:13.122955','images/default_image.jpg',7),(240,'Improvers - 2 - Thursday - 15:55 to 16:25','','improvers-2-thursday-1555-to-1625','15:55:00.000000','16:25:00.000000',3,10,12,123.00,1,'2025-06-07 18:33:13.130121','2025-06-07 18:33:13.130149','images/default_image.jpg',7),(280,'Improvers - 2 - Thursday - 19:00 to 19:30','','improvers-2-thursday-1900-to-1930','19:00:00.000000','19:30:00.000000',3,9,12,123.00,1,'2025-06-07 18:33:13.162630','2025-06-07 18:33:13.162660','images/default_image.jpg',7),(320,'Improvers - 2 - Friday - 19:00 to 19:30','','improvers-2-friday-1900-to-1930','19:00:00.000000','19:30:00.000000',4,9,12,123.00,1,'2025-06-07 18:33:13.168861','2025-06-07 18:33:13.168895','images/default_image.jpg',7),(360,'Improvers - 2 - Saturday - 15:55 to 16:25','','improvers-2-saturday-1555-to-1625','15:55:00.000000','16:25:00.000000',5,9,12,123.00,1,'2025-06-07 18:33:13.175237','2025-06-07 18:33:13.175267','images/default_image.jpg',7),(400,'Improvers - 2 - Saturday - 19:25 to 19:55','','improvers-2-saturday-1925-to-1955','19:25:00.000000','19:55:00.000000',5,9,12,123.00,1,'2025-06-07 18:33:13.181779','2025-06-07 18:33:13.181809','images/default_image.jpg',7),(440,'Improvers - 2 - Sunday - 10:15 to 10:45','','improvers-2-sunday-1015-to-1045','10:15:00.000000','10:45:00.000000',6,9,11,112.75,1,'2025-06-07 18:33:13.213283','2025-06-07 18:33:13.213309','images/default_image.jpg',7),(480,'Improvers - 2 - None - 11:00 to 11:30','','improvers-2-none-1100-to-1130','11:00:00.000000','11:30:00.000000',7,9,11,112.75,1,'2025-06-07 18:33:13.219184','2025-06-07 18:33:13.219210','images/default_image.jpg',7),(520,'Improvers - 2 - None - 11:35 to 12:05','','improvers-2-none-1135-to-1205','11:35:00.000000','12:05:00.000000',7,9,11,112.75,1,'2025-06-07 18:33:13.224831','2025-06-07 18:33:13.224857','images/default_image.jpg',7),(560,'Improvers - 2 - Wednesday - 18:15 to 18:45','','improvers-2-wednesday-1815-to-1845','18:15:00.000000','18:45:00.000000',2,9,13,133.25,1,'2025-06-07 18:33:13.230089','2025-06-07 18:33:13.230114','images/default_image.jpg',7),(600,'Improvers - 2 - Saturday - 18:15 to 18:45','','improvers-2-saturday-1815-to-1845','18:15:00.000000','18:45:00.000000',5,9,12,123.00,1,'2025-06-07 18:33:13.260509','2025-06-07 18:33:13.260534','images/default_image.jpg',7),(640,'Improvers - 1 - Tuesday - 19:05 to 19:35','','improvers-1-tuesday-1905-to-1935','19:05:00.000000','19:35:00.000000',1,9,11,112.75,1,'2025-06-07 18:33:13.265645','2025-06-07 18:33:13.265670','images/default_image.jpg',6),(680,'Improvers - 1 - Wednesday - 15:55 to 16:25','','improvers-1-wednesday-1555-to-1625','15:55:00.000000','16:25:00.000000',2,10,13,133.25,1,'2025-06-07 18:33:13.270794','2025-06-07 18:33:13.270817','images/default_image.jpg',6),(720,'Improvers - 1 - Thursday - 15:55 to 16:25','','improvers-1-thursday-1555-to-1625','15:55:00.000000','16:25:00.000000',3,10,12,123.00,1,'2025-06-07 18:33:13.276087','2025-06-07 18:33:13.276112','images/default_image.jpg',6),(760,'Improvers - 1 - Thursday - 19:00 to 19:30','','improvers-1-thursday-1900-to-1930','19:00:00.000000','19:30:00.000000',3,9,12,123.00,1,'2025-06-07 18:33:13.281573','2025-06-07 18:33:13.281598','images/default_image.jpg',6),(800,'Improvers - 1 - Friday - 19:00 to 19:30','','improvers-1-friday-1900-to-1930','19:00:00.000000','19:30:00.000000',4,9,12,123.00,1,'2025-06-07 18:33:13.312124','2025-06-07 18:33:13.312152','images/default_image.jpg',6),(840,'Improvers - 1 - Saturday - 15:55 to 16:25','','improvers-1-saturday-1555-to-1625','15:55:00.000000','16:25:00.000000',5,9,12,123.00,1,'2025-06-07 18:33:13.317649','2025-06-07 18:33:13.317676','images/default_image.jpg',6),(880,'Improvers - 1 - Saturday - 18:15 to 18:45','','improvers-1-saturday-1815-to-1845','18:15:00.000000','18:45:00.000000',5,9,12,123.00,1,'2025-06-07 18:33:13.323147','2025-06-07 18:33:13.323174','images/default_image.jpg',6),(920,'Improvers - 1 - Saturday - 19:25 to 19:55','','improvers-1-saturday-1925-to-1955','19:25:00.000000','19:55:00.000000',5,9,12,123.00,1,'2025-06-07 18:33:13.329029','2025-06-07 18:33:13.329056','images/default_image.jpg',6),(960,'Improvers - 1 - Sunday - 10:15 to 10:45','','improvers-1-sunday-1015-to-1045','10:15:00.000000','10:45:00.000000',6,9,11,112.75,1,'2025-06-07 18:33:13.360543','2025-06-07 18:33:13.360580','images/default_image.jpg',6),(1000,'Improvers - 1 - None - 11:00 to 11:30','','improvers-1-none-1100-to-1130','11:00:00.000000','11:30:00.000000',7,9,11,112.75,1,'2025-06-07 18:33:13.366451','2025-06-07 18:33:13.366477','images/default_image.jpg',6),(1040,'Improvers - 1 - None - 11:35 to 12:05','','improvers-1-none-1135-to-1205','11:35:00.000000','12:05:00.000000',7,9,11,112.75,1,'2025-06-07 18:33:13.372222','2025-06-07 18:33:13.372248','images/default_image.jpg',6),(1080,'Improvers - 1 - Wednesday - 18:15 to 18:45','','improvers-1-wednesday-1815-to-1845','18:15:00.000000','18:45:00.000000',2,9,13,133.25,1,'2025-06-07 18:33:13.378747','2025-06-07 18:33:13.378773','images/default_image.jpg',6),(1120,'Beginners - 1 - Wednesday - 18:15 to 18:45','','beginners-1-wednesday-1815-to-1845','18:15:00.000000','18:45:00.000000',2,9,13,133.25,1,'2025-06-07 18:33:13.410044','2025-06-07 18:33:13.410073','images/default_image.jpg',9),(1160,'Beginners - 1 - Thursday - 19:00 to 19:30','','beginners-1-thursday-1900-to-1930','19:00:00.000000','19:30:00.000000',3,9,12,123.00,1,'2025-06-07 18:33:13.417417','2025-06-07 18:33:13.417449','images/default_image.jpg',9),(1200,'Beginners - 1 - Saturday - 15:55 to 16:25','','beginners-1-saturday-1555-to-1625','15:55:00.000000','16:25:00.000000',5,9,12,123.00,1,'2025-06-07 18:33:13.423581','2025-06-07 18:33:13.423609','images/default_image.jpg',9),(1242,'Beginners - 1 - Sunday - 10:15 to 10:45','','beginners-1-sunday-1015-to-1045','10:15:00.000000','10:45:00.000000',6,9,11,112.75,1,'2025-06-07 18:33:13.430900','2025-06-07 18:33:13.430927','images/default_image.jpg',9),(1282,'Beginners - 1 - None - 11:00 to 11:30','','beginners-1-none-1100-to-1130','11:00:00.000000','11:30:00.000000',7,9,11,112.75,1,'2025-06-07 18:33:13.463467','2025-06-07 18:33:13.463496','images/default_image.jpg',9),(1322,'Beginners - 1 - None - 11:35 to 12:05','','beginners-1-none-1135-to-1205','11:35:00.000000','12:05:00.000000',7,9,11,112.75,1,'2025-06-07 18:33:13.469491','2025-06-07 18:33:13.469518','images/default_image.jpg',9),(1362,'Beginners - 2 - Wednesday - 18:15 to 18:45','','beginners-2-wednesday-1815-to-1845','18:15:00.000000','18:45:00.000000',2,9,13,133.25,1,'2025-06-07 18:33:13.476070','2025-06-07 18:33:13.476096','images/default_image.jpg',11),(1402,'Beginners - 2 - Thursday - 19:00 to 19:30','','beginners-2-thursday-1900-to-1930','19:00:00.000000','19:30:00.000000',3,9,12,123.00,1,'2025-06-07 18:33:13.481483','2025-06-07 18:33:13.481510','images/default_image.jpg',11),(1442,'Beginners - 2 - Saturday - 15:55 to 16:25','','beginners-2-saturday-1555-to-1625','15:55:00.000000','16:25:00.000000',5,9,12,123.00,1,'2025-06-07 18:33:13.512450','2025-06-07 18:33:13.512477','images/default_image.jpg',11),(1482,'Beginners - 2 - Sunday - 10:15 to 10:45','','beginners-2-sunday-1015-to-1045','10:15:00.000000','10:45:00.000000',6,9,11,112.75,1,'2025-06-07 18:33:13.518728','2025-06-07 18:33:13.518753','images/default_image.jpg',11),(1522,'Beginners - 2 - None - 11:00 to 11:30','','beginners-2-none-1100-to-1130','11:00:00.000000','11:30:00.000000',7,9,11,112.75,1,'2025-06-07 18:33:13.524180','2025-06-07 18:33:13.524203','images/default_image.jpg',11),(1562,'Beginners - 2 - None - 11:35 to 12:05','','beginners-2-none-1135-to-1205','11:35:00.000000','12:05:00.000000',7,9,11,112.75,1,'2025-06-07 18:33:13.529136','2025-06-07 18:33:13.529159','images/default_image.jpg',11),(1602,'Beginners - 1 - Wednesday - 15:55 to 16:25','','beginners-1-wednesday-1555-to-1625','15:55:00.000000','16:25:00.000000',2,10,13,133.25,1,'2025-06-07 18:33:13.559957','2025-06-07 18:33:13.559983','images/default_image.jpg',9),(1645,'Beginners - 1 - Tuesday - 19:05 to 19:35','','beginners-1-tuesday-1905-to-1935','19:05:00.000000','19:35:00.000000',1,9,11,112.75,1,'2025-06-07 18:33:13.565889','2025-06-07 18:33:13.565914','images/default_image.jpg',9),(1685,'Beginners - 1 - Thursday - 15:55 to 16:25','','beginners-1-thursday-1555-to-1625','15:55:00.000000','16:25:00.000000',3,10,12,123.00,1,'2025-06-07 18:33:13.571533','2025-06-07 18:33:13.571557','images/default_image.jpg',9),(1725,'Beginners - 1 - Friday - 19:00 to 19:30','','beginners-1-friday-1900-to-1930','19:00:00.000000','19:30:00.000000',4,9,12,123.00,1,'2025-06-07 18:33:13.576931','2025-06-07 18:33:13.576956','images/default_image.jpg',9),(1765,'Beginners - 1 - Saturday - 18:15 to 18:45','','beginners-1-saturday-1815-to-1845','18:15:00.000000','18:45:00.000000',5,9,12,123.00,1,'2025-06-07 18:33:13.582112','2025-06-07 18:33:13.582137','images/default_image.jpg',9),(1805,'Beginners - 1 - Saturday - 19:25 to 19:55','','beginners-1-saturday-1925-to-1955','19:25:00.000000','19:55:00.000000',5,9,12,123.00,1,'2025-06-07 18:33:13.612198','2025-06-07 18:33:13.612226','images/default_image.jpg',9),(1845,'Beginners - 1 - Sunday - 14:15 to 14:45','','beginners-1-sunday-1415-to-1445','14:15:00.000000','14:45:00.000000',6,10,11,112.75,1,'2025-06-07 18:33:13.617537','2025-06-07 18:33:13.617564','images/default_image.jpg',9),(1885,'Beginners - 1 - Sunday - 14:50 to 15:20','','beginners-1-sunday-1450-to-1520','14:50:00.000000','15:20:00.000000',6,10,11,112.75,1,'2025-06-07 18:33:13.623629','2025-06-07 18:33:13.623656','images/default_image.jpg',9),(1925,'Beginners - 1 - Sunday - 15:25 to 15:55','','beginners-1-sunday-1525-to-1555','15:25:00.000000','15:55:00.000000',6,10,11,112.75,1,'2025-06-07 18:33:13.629406','2025-06-07 18:33:13.629433','images/default_image.jpg',9),(1965,'Lengths - L1 - Wednesday - 19:25 to 19:55','','lengths-l1-wednesday-1925-to-1955','19:25:00.000000','19:55:00.000000',2,16,13,133.25,1,'2025-06-07 18:33:13.659954','2025-06-07 18:33:13.659983','images/default_image.jpg',5),(2005,'Lengths - L1 - Friday - 20:10 to 20:40','','lengths-l1-friday-2010-to-2040','20:10:00.000000','20:40:00.000000',4,16,12,123.00,1,'2025-06-07 18:33:13.666326','2025-06-07 18:33:13.666354','images/default_image.jpg',5),(2045,'Lengths - L1 - Sunday - 09:00 to 09:30','','lengths-l1-sunday-0900-to-0930','09:00:00.000000','09:30:00.000000',6,16,11,112.75,1,'2025-06-07 18:33:13.672800','2025-06-07 18:33:13.672828','images/default_image.jpg',5),(2085,'Lengths - L2 - Wednesday - 19:25 to 19:55','','lengths-l2-wednesday-1925-to-1955','19:25:00.000000','19:55:00.000000',2,16,13,133.25,1,'2025-06-07 18:33:13.678872','2025-06-07 18:33:13.678899','images/default_image.jpg',4),(2125,'Lengths - L2 - Friday - 20:10 to 20:40','','lengths-l2-friday-2010-to-2040','20:10:00.000000','20:40:00.000000',4,16,12,123.00,1,'2025-06-07 18:33:13.709960','2025-06-07 18:33:13.709990','images/default_image.jpg',4),(2163,'Lengths - L2 - Sunday - 09:00 to 09:30','','lengths-l2-sunday-0900-to-0930','09:00:00.000000','09:30:00.000000',6,16,11,112.75,1,'2025-06-07 18:33:13.716342','2025-06-07 18:33:13.716376','images/default_image.jpg',4),(2203,'Lengths - L3 - Wednesday - 19:25 to 19:55','','lengths-l3-wednesday-1925-to-1955','19:25:00.000000','19:55:00.000000',2,8,13,133.25,1,'2025-06-07 18:33:13.722337','2025-06-07 18:33:13.722365','images/default_image.jpg',2),(2243,'Lengths - L3 - Friday - 20:10 to 20:40','','lengths-l3-friday-2010-to-2040','20:10:00.000000','20:40:00.000000',4,8,12,123.00,1,'2025-06-07 18:33:13.728208','2025-06-07 18:33:13.728238','images/default_image.jpg',2),(2282,'Lengths - L3 - Sunday - 09:00 to 09:30','','lengths-l3-sunday-0900-to-0930','09:00:00.000000','09:30:00.000000',6,8,11,112.75,1,'2025-06-07 18:33:13.733723','2025-06-07 18:33:13.733750','images/default_image.jpg',2),(2322,'Advanced - None - 11:00 to 11:30','','advanced-none-1100-to-1130','11:00:00.000000','11:30:00.000000',7,9,11,112.75,1,'2025-06-07 18:33:13.765626','2025-06-07 18:33:13.765655','images/default_image.jpg',3),(2362,'Advanced - None - 11:35 to 12:05','','advanced-none-1135-to-1205','11:35:00.000000','12:05:00.000000',7,9,11,112.75,1,'2025-06-07 18:33:13.771685','2025-06-07 18:33:13.771712','images/default_image.jpg',3),(2402,'Advanced - Tuesday - 19:05 to 19:35','','advanced-tuesday-1905-to-1935','19:05:00.000000','19:35:00.000000',1,9,11,112.75,1,'2025-06-07 18:33:13.779607','2025-06-07 18:33:13.779637','images/default_image.jpg',3),(2442,'Advanced - Wednesday - 15:55 to 16:25','','advanced-wednesday-1555-to-1625','15:55:00.000000','16:25:00.000000',2,10,13,133.25,1,'2025-06-07 18:33:13.811688','2025-06-07 18:33:13.811718','images/default_image.jpg',3),(2482,'Advanced - Wednesday - 18:15 to 18:45','','advanced-wednesday-1815-to-1845','18:15:00.000000','18:45:00.000000',2,9,13,133.25,1,'2025-06-07 18:33:13.817894','2025-06-07 18:33:13.817923','images/default_image.jpg',3),(2522,'Advanced - Thursday - 15:55 to 16:25','','advanced-thursday-1555-to-1625','15:55:00.000000','16:25:00.000000',3,10,12,123.00,1,'2025-06-07 18:33:13.823835','2025-06-07 18:33:13.823863','images/default_image.jpg',3),(2562,'Advanced - Thursday - 19:00 to 19:30','','advanced-thursday-1900-to-1930','19:00:00.000000','19:30:00.000000',3,9,12,123.00,1,'2025-06-07 18:33:13.830778','2025-06-07 18:33:13.830809','images/default_image.jpg',3),(2602,'Advanced - Friday - 19:00 to 19:30','','advanced-friday-1900-to-1930','19:00:00.000000','19:30:00.000000',4,9,12,123.00,1,'2025-06-07 18:33:13.862437','2025-06-07 18:33:13.862465','images/default_image.jpg',3),(2642,'Advanced - Saturday - 15:55 to 16:25','','advanced-saturday-1555-to-1625','15:55:00.000000','16:25:00.000000',5,9,12,123.00,1,'2025-06-07 18:33:13.868667','2025-06-07 18:33:13.868696','images/default_image.jpg',3),(2682,'Advanced - Saturday - 18:15 to 18:45','','advanced-saturday-1815-to-1845','18:15:00.000000','18:45:00.000000',5,9,12,123.00,1,'2025-06-07 18:33:13.874837','2025-06-07 18:33:13.874864','images/default_image.jpg',3),(2722,'Advanced - Saturday - 19:25 to 19:55','','advanced-saturday-1925-to-1955','19:25:00.000000','19:55:00.000000',5,9,12,123.00,1,'2025-06-07 18:33:13.880894','2025-06-07 18:33:13.880921','images/default_image.jpg',3),(2762,'Advanced - Sunday - 10:15 to 10:45','','advanced-sunday-1015-to-1045','10:15:00.000000','10:45:00.000000',6,9,11,112.75,1,'2025-06-07 18:33:13.911746','2025-06-07 18:33:13.911774','images/default_image.jpg',3),(2802,'Advanced - Sunday - 14:15 to 14:45','','advanced-sunday-1415-to-1445','14:15:00.000000','14:45:00.000000',6,10,11,112.75,1,'2025-06-07 18:33:13.918704','2025-06-07 18:33:13.918732','images/default_image.jpg',3),(2842,'Advanced - Sunday - 14:50 to 15:20','','advanced-sunday-1450-to-1520','14:50:00.000000','15:20:00.000000',6,10,11,112.75,1,'2025-06-07 18:33:13.925900','2025-06-07 18:33:13.925957','images/default_image.jpg',3),(2882,'Advanced - Sunday - 15:25 to 15:55','','advanced-sunday-1525-to-1555','15:25:00.000000','15:55:00.000000',6,10,11,112.75,1,'2025-06-07 18:33:13.933524','2025-06-07 18:33:13.933551','images/default_image.jpg',3),(2946,'Adult Begin & Improvers - Thursday - 20:10 to 20:55','','adult-begin-improvers-thursday-2010-to-2055','20:10:00.000000','20:55:00.000000',3,30,12,110.00,1,'2025-06-07 18:33:13.966105','2025-06-07 18:33:13.966132','images/default_image.jpg',12),(3360,'Improvers - 2 - Sunday - 14:50 to 15:20','','improvers-2-sunday-1450-to-1520','14:50:00.000000','15:20:00.000000',6,10,11,112.75,1,'2025-06-07 18:33:14.025873','2025-06-07 18:33:14.025902','images/default_image.jpg',7),(3362,'Improvers - 2 - Tuesday - 19:40 to 20:10','','improvers-2-tuesday-1940-to-2010','19:40:00.000000','20:10:00.000000',1,9,11,112.75,1,'2025-06-07 18:33:14.032497','2025-06-07 18:33:14.032528','images/default_image.jpg',7),(3363,'Improvers - 2 - Wednesday - 16:30 to 17:00','','improvers-2-wednesday-1630-to-1700','16:30:00.000000','17:00:00.000000',2,10,13,133.25,1,'2025-06-07 18:33:14.065921','2025-06-07 18:33:14.065953','images/default_image.jpg',7),(3364,'Improvers - 2 - Thursday - 16:30 to 17:00','','improvers-2-thursday-1630-to-1700','16:30:00.000000','17:00:00.000000',3,10,12,123.00,1,'2025-06-07 18:33:14.072841','2025-06-07 18:33:14.072873','images/default_image.jpg',7),(3365,'Improvers - 2 - Thursday - 19:35 to 20:05','','improvers-2-thursday-1935-to-2005','19:35:00.000000','20:05:00.000000',3,9,12,123.00,1,'2025-06-07 18:33:14.080795','2025-06-07 18:33:14.080824','images/default_image.jpg',7),(3366,'Improvers - 2 - Friday - 19:35 to 20:05','','improvers-2-friday-1935-to-2005','19:35:00.000000','20:05:00.000000',4,9,12,123.00,1,'2025-06-07 18:33:14.112645','2025-06-07 18:33:14.112675','images/default_image.jpg',7),(3367,'Improvers - 2 - Saturday - 16:30 to 17:00','','improvers-2-saturday-1630-to-1700','16:30:00.000000','17:00:00.000000',5,9,12,123.00,1,'2025-06-07 18:33:14.118891','2025-06-07 18:33:14.118917','images/default_image.jpg',7),(3368,'Improvers - 2 - Saturday - 20:00 to 20:30','','improvers-2-saturday-2000-to-2030','20:00:00.000000','20:30:00.000000',5,10,12,123.00,1,'2025-06-07 18:33:14.124494','2025-06-07 18:33:14.124522','images/default_image.jpg',7),(3369,'Improvers - 2 - Sunday - 10:50 to 11:20','','improvers-2-sunday-1050-to-1120','10:50:00.000000','11:20:00.000000',6,9,11,112.75,1,'2025-06-07 18:33:14.130571','2025-06-07 18:33:14.130598','images/default_image.jpg',7),(3372,'Improvers - 2 - Wednesday - 18:50 to 19:20','','improvers-2-wednesday-1850-to-1920','18:50:00.000000','19:20:00.000000',2,9,13,133.25,1,'2025-06-07 18:33:14.162792','2025-06-07 18:33:14.162824','images/default_image.jpg',7),(3373,'Improvers - 2 - Saturday - 18:50 to 19:20','','improvers-2-saturday-1850-to-1920','18:50:00.000000','19:20:00.000000',5,9,12,123.00,1,'2025-06-07 18:33:14.169392','2025-06-07 18:33:14.169423','images/default_image.jpg',7),(3374,'Improvers - 1 - Tuesday - 19:40 to 20:10','','improvers-1-tuesday-1940-to-2010','19:40:00.000000','20:10:00.000000',1,9,11,112.75,1,'2025-06-07 18:33:14.176222','2025-06-07 18:33:14.176254','images/default_image.jpg',6),(3375,'Improvers - 1 - Wednesday - 16:30 to 17:00','','improvers-1-wednesday-1630-to-1700','16:30:00.000000','17:00:00.000000',2,10,13,133.25,1,'2025-06-07 18:33:14.183800','2025-06-07 18:33:14.183832','images/default_image.jpg',6),(3376,'Improvers - 1 - Thursday - 16:30 to 17:00','','improvers-1-thursday-1630-to-1700','16:30:00.000000','17:00:00.000000',3,10,12,123.00,1,'2025-06-07 18:33:14.216082','2025-06-07 18:33:14.216113','images/default_image.jpg',6),(3377,'Improvers - 1 - Thursday - 19:35 to 20:05','','improvers-1-thursday-1935-to-2005','19:35:00.000000','20:05:00.000000',3,9,12,123.00,1,'2025-06-07 18:33:14.222211','2025-06-07 18:33:14.222241','images/default_image.jpg',6),(3378,'Improvers - 1 - Friday - 19:35 to 20:05','','improvers-1-friday-1935-to-2005','19:35:00.000000','20:05:00.000000',4,9,12,123.00,1,'2025-06-07 18:33:14.228802','2025-06-07 18:33:14.228835','images/default_image.jpg',6),(3379,'Improvers - 1 - Saturday - 16:30 to 17:00','','improvers-1-saturday-1630-to-1700','16:30:00.000000','17:00:00.000000',5,9,12,123.00,1,'2025-06-07 18:33:14.260604','2025-06-07 18:33:14.260630','images/default_image.jpg',6),(3380,'Improvers - 1 - Saturday - 18:50 to 19:20','','improvers-1-saturday-1850-to-1920','18:50:00.000000','19:20:00.000000',5,9,12,123.00,1,'2025-06-07 18:33:14.266061','2025-06-07 18:33:14.266086','images/default_image.jpg',6),(3381,'Improvers - 1 - Saturday - 20:00 to 20:30','','improvers-1-saturday-2000-to-2030','20:00:00.000000','20:30:00.000000',5,10,12,123.00,1,'2025-06-07 18:33:14.271361','2025-06-07 18:33:14.271385','images/default_image.jpg',6),(3382,'Improvers - 1 - Sunday - 10:50 to 11:20','','improvers-1-sunday-1050-to-1120','10:50:00.000000','11:20:00.000000',6,9,11,112.75,1,'2025-06-07 18:33:14.276943','2025-06-07 18:33:14.276969','images/default_image.jpg',6),(3385,'Improvers - 1 - Wednesday - 18:50 to 19:20','','improvers-1-wednesday-1850-to-1920','18:50:00.000000','19:20:00.000000',2,9,13,133.25,1,'2025-06-07 18:33:14.282393','2025-06-07 18:33:14.282418','images/default_image.jpg',6),(3386,'Beginners - 2 - Wednesday - 18:50 to 19:20','','beginners-2-wednesday-1850-to-1920','18:50:00.000000','19:20:00.000000',2,9,13,133.25,1,'2025-06-07 18:33:14.313356','2025-06-07 18:33:14.313382','images/default_image.jpg',11),(3387,'Beginners - 2 - Thursday - 19:35 to 20:05','','beginners-2-thursday-1935-to-2005','19:35:00.000000','20:05:00.000000',3,9,12,123.00,1,'2025-06-07 18:33:14.318904','2025-06-07 18:33:14.318930','images/default_image.jpg',11),(3388,'Beginners - 1 - Saturday - 16:30 to 17:00','','beginners-1-saturday-1630-to-1700','16:30:00.000000','17:00:00.000000',5,9,12,123.00,1,'2025-06-07 18:33:14.324314','2025-06-07 18:33:14.324340','images/default_image.jpg',9),(3389,'Beginners - 1 - Sunday - 10:50 to 11:20','','beginners-1-sunday-1050-to-1120','10:50:00.000000','11:20:00.000000',6,9,11,112.75,1,'2025-06-07 18:33:14.329914','2025-06-07 18:33:14.329940','images/default_image.jpg',9),(3392,'Beginners - 1 - Wednesday - 18:50 to 19:20','','beginners-1-wednesday-1850-to-1920','18:50:00.000000','19:20:00.000000',2,9,13,133.25,1,'2025-06-07 18:33:14.360643','2025-06-07 18:33:14.360671','images/default_image.jpg',9),(3393,'Beginners - 1 - Thursday - 19:35 to 20:05','','beginners-1-thursday-1935-to-2005','19:35:00.000000','20:05:00.000000',3,9,12,123.00,1,'2025-06-07 18:33:14.366142','2025-06-07 18:33:14.366167','images/default_image.jpg',9),(3394,'Beginners - 2 - Saturday - 16:30 to 17:00','','beginners-2-saturday-1630-to-1700','16:30:00.000000','17:00:00.000000',5,9,12,123.00,1,'2025-06-07 18:33:14.371672','2025-06-07 18:33:14.371702','images/default_image.jpg',11),(3395,'Beginners - 2 - Sunday - 10:50 to 11:20','','beginners-2-sunday-1050-to-1120','10:50:00.000000','11:20:00.000000',6,9,11,112.75,1,'2025-06-07 18:33:14.377260','2025-06-07 18:33:14.377286','images/default_image.jpg',11),(3398,'Beginners - 1 - Wednesday - 16:30 to 17:00','','beginners-1-wednesday-1630-to-1700','16:30:00.000000','17:00:00.000000',2,10,13,133.25,1,'2025-06-07 18:33:14.382856','2025-06-07 18:33:14.382882','images/default_image.jpg',9),(3399,'Beginners - 1 - Tuesday - 19:40 to 20:10','','beginners-1-tuesday-1940-to-2010','19:40:00.000000','20:10:00.000000',1,9,11,112.75,1,'2025-06-07 18:33:14.414545','2025-06-07 18:33:14.414572','images/default_image.jpg',9),(3400,'Beginners - 1 - Thursday - 16:30 to 17:00','','beginners-1-thursday-1630-to-1700','16:30:00.000000','17:00:00.000000',3,10,12,123.00,1,'2025-06-07 18:33:14.421338','2025-06-07 18:33:14.421365','images/default_image.jpg',9),(3401,'Beginners - 1 - Friday - 19:35 to 20:05','','beginners-1-friday-1935-to-2005','19:35:00.000000','20:05:00.000000',4,9,12,123.00,1,'2025-06-07 18:33:14.427836','2025-06-07 18:33:14.427865','images/default_image.jpg',9),(3402,'Beginners - 1 - Saturday - 18:50 to 19:20','','beginners-1-saturday-1850-to-1920','18:50:00.000000','19:20:00.000000',5,9,12,123.00,1,'2025-06-07 18:33:14.460083','2025-06-07 18:33:14.460122','images/default_image.jpg',9),(3406,'Improvers - 2 - Sunday - 15:25 to 15:55','','improvers-2-sunday-1525-to-1555','15:25:00.000000','15:55:00.000000',6,10,11,112.75,1,'2025-06-07 18:33:14.466646','2025-06-07 18:33:14.466670','images/default_image.jpg',7),(3407,'Lengths - L1 - Wednesday - 20:00 to 20:30','','lengths-l1-wednesday-2000-to-2030','20:00:00.000000','20:30:00.000000',2,16,13,133.25,1,'2025-06-07 18:33:14.472224','2025-06-07 18:33:14.472263','images/default_image.jpg',5),(3408,'Lengths - L1 - Friday - 20:45 to 21:15','','lengths-l1-friday-2045-to-2115','20:45:00.000000','21:15:00.000000',4,16,12,123.00,1,'2025-06-07 18:33:14.481492','2025-06-07 18:33:14.481518','images/default_image.jpg',5),(3409,'Lengths - L1 - Sunday - 09:35 to 10:05','','lengths-l1-sunday-0935-to-1005','09:35:00.000000','10:05:00.000000',6,16,11,112.75,1,'2025-06-07 18:33:14.514037','2025-06-07 18:33:14.514062','images/default_image.jpg',5),(3410,'Lengths - L2 - Wednesday - 20:00 to 20:30','','lengths-l2-wednesday-2000-to-2030','20:00:00.000000','20:30:00.000000',2,16,13,133.25,1,'2025-06-07 18:33:14.520150','2025-06-07 18:33:14.520176','images/default_image.jpg',4),(3411,'Lengths - L2 - Friday - 20:45 to 21:15','','lengths-l2-friday-2045-to-2115','20:45:00.000000','21:15:00.000000',4,15,12,123.00,1,'2025-06-07 18:33:14.527640','2025-06-07 18:33:14.527668','images/default_image.jpg',4),(3412,'Lengths - L2 - Sunday - 09:35 to 10:05','','lengths-l2-sunday-0935-to-1005','09:35:00.000000','10:05:00.000000',6,16,11,112.75,1,'2025-06-07 18:33:14.560484','2025-06-07 18:33:14.560511','images/default_image.jpg',4),(3413,'Lengths - L3 - Wednesday - 20:00 to 20:30','','lengths-l3-wednesday-2000-to-2030','20:00:00.000000','20:30:00.000000',2,8,13,133.25,1,'2025-06-07 18:33:14.566183','2025-06-07 18:33:14.566208','images/default_image.jpg',2),(3414,'Lengths - L3 - Friday - 20:45 to 21:15','','lengths-l3-friday-2045-to-2115','20:45:00.000000','21:15:00.000000',4,8,12,123.00,1,'2025-06-07 18:33:14.571810','2025-06-07 18:33:14.571836','images/default_image.jpg',2),(3415,'Lengths - L3 - Sunday - 09:35 to 10:05','','lengths-l3-sunday-0935-to-1005','09:35:00.000000','10:05:00.000000',6,8,11,112.75,1,'2025-06-07 18:33:14.577378','2025-06-07 18:33:14.577404','images/default_image.jpg',2),(3418,'Advanced - Tuesday - 19:40 to 20:10','','advanced-tuesday-1940-to-2010','19:40:00.000000','20:10:00.000000',1,9,11,112.75,1,'2025-06-07 18:33:14.583262','2025-06-07 18:33:14.583288','images/default_image.jpg',3),(3419,'Advanced - Wednesday - 16:30 to 17:00','','advanced-wednesday-1630-to-1700','16:30:00.000000','17:00:00.000000',2,10,13,133.25,1,'2025-06-07 18:33:14.614532','2025-06-07 18:33:14.614566','images/default_image.jpg',3),(3420,'Advanced - Wednesday - 18:50 to 19:20','','advanced-wednesday-1850-to-1920','18:50:00.000000','19:20:00.000000',2,9,13,133.25,1,'2025-06-07 18:33:14.620962','2025-06-07 18:33:14.620988','images/default_image.jpg',3),(3421,'Advanced - Thursday - 16:30 to 17:00','','advanced-thursday-1630-to-1700','16:30:00.000000','17:00:00.000000',3,10,12,123.00,1,'2025-06-07 18:33:14.626739','2025-06-07 18:33:14.626766','images/default_image.jpg',3),(3422,'Advanced - Thursday - 19:35 to 20:05','','advanced-thursday-1935-to-2005','19:35:00.000000','20:05:00.000000',3,9,12,123.00,1,'2025-06-07 18:33:14.632839','2025-06-07 18:33:14.632866','images/default_image.jpg',3),(3423,'Advanced - Friday - 19:35 to 20:05','','advanced-friday-1935-to-2005','19:35:00.000000','20:05:00.000000',4,9,12,123.00,1,'2025-06-07 18:33:14.663118','2025-06-07 18:33:14.663142','images/default_image.jpg',3),(3424,'Advanced - Saturday - 16:30 to 17:00','','advanced-saturday-1630-to-1700','16:30:00.000000','17:00:00.000000',5,9,12,123.00,1,'2025-06-07 18:33:14.668400','2025-06-07 18:33:14.668424','images/default_image.jpg',3),(3425,'Advanced - Saturday - 18:50 to 19:20','','advanced-saturday-1850-to-1920','18:50:00.000000','19:20:00.000000',5,9,12,123.00,1,'2025-06-07 18:33:14.674204','2025-06-07 18:33:14.674228','images/default_image.jpg',3),(3426,'Advanced - Saturday - 20:00 to 20:30','','advanced-saturday-2000-to-2030','20:00:00.000000','20:30:00.000000',5,10,12,123.00,1,'2025-06-07 18:33:14.679727','2025-06-07 18:33:14.679756','images/default_image.jpg',3),(3427,'Advanced - Sunday - 10:50 to 11:20','','advanced-sunday-1050-to-1120','10:50:00.000000','11:20:00.000000',6,9,11,112.75,1,'2025-06-07 18:33:14.709965','2025-06-07 18:33:14.709990','images/default_image.jpg',3),(3498,'Improvers - 2 - Sunday - 14:15 to 14:45','','improvers-2-sunday-1415-to-1445','14:15:00.000000','14:45:00.000000',6,10,11,112.75,1,'2025-06-07 18:33:14.771073','2025-06-07 18:33:14.771097','images/default_image.jpg',7),(3504,'Beginners - 2 - Saturday - 19:25 to 19:55','','beginners-2-saturday-1925-to-1955','19:25:00.000000','19:55:00.000000',5,9,12,123.00,1,'2025-06-07 18:33:14.783220','2025-06-07 18:33:14.783247','images/default_image.jpg',11),(3513,'Beginners - 1 - None - 12:10 to 12:40','','beginners-1-none-1210-to-1240','12:10:00.000000','12:40:00.000000',7,9,11,112.75,1,'2025-06-07 18:33:14.715522','2025-06-07 18:33:14.715544','images/default_image.jpg',9),(3514,'Beginners - 2 - None - 12:10 to 12:40','','beginners-2-none-1210-to-1240','12:10:00.000000','12:40:00.000000',7,9,11,112.75,1,'2025-06-07 18:33:14.720092','2025-06-07 18:33:14.720114','images/default_image.jpg',11),(3515,'Improvers - 1 - None - 12:10 to 12:40','','improvers-1-none-1210-to-1240','12:10:00.000000','12:40:00.000000',7,9,11,112.75,1,'2025-06-07 18:33:14.724982','2025-06-07 18:33:14.725004','images/default_image.jpg',6),(3516,'Improvers - 2 - None - 12:10 to 12:40','','improvers-2-none-1210-to-1240','12:10:00.000000','12:40:00.000000',7,9,11,112.75,1,'2025-06-07 18:33:14.729748','2025-06-07 18:33:14.729771','images/default_image.jpg',7),(3517,'Advanced - None - 12:10 to 12:40','','advanced-none-1210-to-1240','12:10:00.000000','12:40:00.000000',7,9,11,112.75,1,'2025-06-07 18:33:14.760616','2025-06-07 18:33:14.760640','images/default_image.jpg',3),(3518,'Beginners 8+ - Saturday - 20:00 to 20:30','','beginners-8-saturday-2000-to-2030','20:00:00.000000','20:30:00.000000',5,10,12,123.00,1,'2025-06-07 18:33:14.814496','2025-06-07 18:33:14.814522','images/default_image.jpg',19),(3521,'Beginners - 1 - Sunday - 11:25 to 11:55','','beginners-1-sunday-1125-to-1155','11:25:00.000000','11:55:00.000000',6,9,11,112.75,1,'2025-06-07 18:33:14.819838','2025-06-07 18:33:14.819863','images/default_image.jpg',9),(3522,'Beginners - 2 - Sunday - 11:25 to 11:55','','beginners-2-sunday-1125-to-1155','11:25:00.000000','11:55:00.000000',6,9,11,112.75,1,'2025-06-07 18:33:14.765853','2025-06-07 18:33:14.765877','images/default_image.jpg',11),(3523,'Improvers - 1 - Sunday - 11:25 to 11:55','','improvers-1-sunday-1125-to-1155','11:25:00.000000','11:55:00.000000',6,9,11,112.75,1,'2025-06-07 18:33:14.824525','2025-06-07 18:33:14.824550','images/default_image.jpg',6),(3524,'Improvers - 2 - Sunday - 11:25 to 11:55','','improvers-2-sunday-1125-to-1155','11:25:00.000000','11:55:00.000000',6,9,11,112.75,1,'2025-06-07 18:33:14.829679','2025-06-07 18:33:14.829705','images/default_image.jpg',7),(3525,'Advanced - Sunday - 11:25 to 11:55','','advanced-sunday-1125-to-1155','11:25:00.000000','11:55:00.000000',6,9,11,112.75,1,'2025-06-07 18:33:14.859898','2025-06-07 18:33:14.859923','images/default_image.jpg',3),(3526,'Beginners - 2 - Tuesday - 19:05 to 19:35','','beginners-2-tuesday-1905-to-1935','19:05:00.000000','19:35:00.000000',1,9,11,112.75,1,'2025-06-07 18:33:14.777196','2025-06-07 18:33:14.777223','images/default_image.jpg',11),(3527,'Beginners - 2 - Tuesday - 19:40 to 20:10','','beginners-2-tuesday-1940-to-2010','19:40:00.000000','20:10:00.000000',1,9,11,112.75,1,'2025-06-07 18:33:14.019550','2025-06-07 18:33:14.019581','images/default_image.jpg',11),(3528,'Beginners - 2 - Friday - 19:00 to 19:30','','beginners-2-friday-1900-to-1930','19:00:00.000000','19:30:00.000000',4,9,12,123.00,1,'2025-06-07 18:33:14.012131','2025-06-07 18:33:14.012162','images/default_image.jpg',11),(3529,'Beginners - 2 - Friday - 19:35 to 20:05','','beginners-2-friday-1935-to-2005','19:35:00.000000','20:05:00.000000',4,9,12,123.00,1,'2025-06-07 18:33:13.980176','2025-06-07 18:33:13.980203','images/default_image.jpg',11),(3530,'Beginners - 2 - Saturday - 18:15 to 18:45','','beginners-2-saturday-1815-to-1845','18:15:00.000000','18:45:00.000000',5,9,12,123.00,1,'2025-06-07 18:33:13.972755','2025-06-07 18:33:13.972792','images/default_image.jpg',11),(3531,'Beginners - 2 - Saturday - 18:50 to 19:20','','beginners-2-saturday-1850-to-1920','18:50:00.000000','19:20:00.000000',5,9,12,123.00,0,'2025-06-07 18:33:14.865127','2025-06-07 18:33:14.865151','images/default_image.jpg',11);
/*!40000 ALTER TABLE `lessons_product` ENABLE KEYS */;
UNLOCK TABLES;
/*!40103 SET TIME_ZONE=@OLD_TIME_ZONE */;

/*!40101 SET SQL_MODE=@OLD_SQL_MODE */;
/*!40014 SET FOREIGN_KEY_CHECKS=@OLD_FOREIGN_KEY_CHECKS */;
/*!40014 SET UNIQUE_CHECKS=@OLD_UNIQUE_CHECKS */;
/*!40101 SET CHARACTER_SET_CLIENT=@OLD_CHARACTER_SET_CLIENT */;
/*!40101 SET CHARACTER_SET_RESULTS=@OLD_CHARACTER_SET_RESULTS */;
/*!40101 SET COLLATION_CONNECTION=@OLD_COLLATION_CONNECTION */;
/*!40111 SET SQL_NOTES=@OLD_SQL_NOTES */;

-- Dump completed on 2025-06-07 19:37:36
